id,timestamp,direction,steps,step_size,battery_volt,distance_x,distance_y,distance_real
c40aef7c-1f3f-48f9-8d1e-c03ebca135af,2026-04-27T10:49:22,l,2,1000,6.71,-6.3,-0.8,6.35
2221f81d-42ac-445b-a4f9-78f36c16def4,2026-04-27T10:46:17,l,1,1000,6.71,-5.3,-0.5,5.32
52a8fc85-cb09-4160-82ba-b3f9d142a7bc,2026-04-27T10:26:34,b,3,1000,6.75,0.0,-20.5,20.5
55e8eac3-e520-469c-b2af-140e0add1693,2026-04-27T10:25:54,b,4,1000,6.75,0.2,-23.9,23.9
f824a64a-1a2f-482e-93fe-b3b04e3d64fe,2026-04-27T10:25:14,b,5,1000,6.78,-0.6,-27.6,27.61
f8ecf118-3ed5-45ab-b57c-de4d7eb50312,2026-04-27T10:24:18,b,1,1000,6.78,-0.2,-8.0,8.0
ae3e3cf6-281e-4640-8b92-da87ffd8f00c,2026-04-27T10:23:43,b,10,1000,6.82,-5.0,-53.1,53.33
188b7785-2816-46a5-8f69-9436290aa45d,2026-04-27T10:22:56,l,9,1000,6.82,-32.9,-8.4,33.96
b8b719e1-6f7c-4c03-9967-a250d1134cba,2026-04-27T10:21:59,r,4,1000,6.82,16.3,-1.7,16.39
31601892-83c0-4252-ace7-086ba064660b,2026-04-27T10:20:47,r,5,1000,6.86,15.0,-4.8,15.75
fe314dec-96c1-444b-9967-30f12720df89,2026-04-27T10:20:08,f,9,1000,6.82,5.1,51.6,51.85
ff150c66-90e7-4c7f-a247-05c050779321,2026-04-27T10:19:17,r,9,1000,6.82,32.1,-8.8,33.28
95aaf3fe-004a-45b3-a1e1-a94c10916269,2026-04-27T10:18:24,f,6,1000,6.9,1.4,35.1,35.13
8360c79a-6c83-4288-8be8-9de4b5cccee7,2026-04-27T10:17:38,r,1,1000,6.86,5.0,-1.1,5.12
bb9007ab-da06-41cd-bf31-8b4012f12aee,2026-04-27T10:16:53,l,5,1000,6.86,-16.9,-4.9,17.6
3b307158-4c1b-40d0-b9f7-4a12ebc7f404,2026-04-27T10:16:01,f,4,1000,6.9,-0.5,23.4,23.41
6c5d0743-d7bf-431c-adf6-e8428ca5ae8f,2026-04-27T10:15:27,f,7,1000,6.9,2.4,37.8,37.88
65e3d325-8770-4c44-90ba-7fea434d1be1,2026-04-27T10:14:43,f,5,1000,6.9,0.2,26.7,26.7
d72c30b7-33bb-40b9-bac5-433dd5766f8b,2026-04-27T10:14:01,l,8,1000,6.86,-32.3,-5.7,32.8
85a09357-5fc5-4725-97dd-47b6dca9dce8,2026-04-27T10:12:36,f,8,1000,6.9,3.5,46.9,47.03
a87fa9cb-c5d1-49c1-acac-5e8391ae0feb,2026-04-27T10:11:36,l,7,1000,6.9,-25.4,-5.4,25.97
98012c16-5449-41b5-b491-dfa93d085743,2026-04-27T10:10:40,f,3,1000,6.94,-0.5,18.4,18.41
a51bc561-14a1-4951-a792-e2c75077ca3c,2026-04-27T10:09:59,r,6,1000,6.9,23.6,-3.9,23.92
36e9a865-e29d-4379-a89d-cfc4e1ef45ab,2026-04-27T10:09:09,l,4,1000,6.9,-13.3,-3.2,13.68
24bd0621-e92e-444b-a649-dd83ba2a2ec5,2026-04-27T10:08:17,f,1,1000,6.94,0.5,8.3,8.32
abb7b0f4-faf6-49be-9b11-44547b4927ad,2026-04-27T10:07:10,r,7,1000,6.98,27.5,-1.7,27.55
3fa83c0a-41da-4006-b0b1-54be96dacb6a,2026-04-27T10:06:21,l,3,1000,6.9,-12.9,-1.6,13.0
0e4a5f8c-2f4f-46fb-b2b0-f7b9d76b961f,2026-04-27T10:05:34,r,10,1000,6.94,37.8,-1.7,37.84
d970e077-fb5d-488c-ad88-5f3b1d44528a,2026-04-27T10:04:35,r,3,1000,6.98,12.3,-1.7,12.42
b4350be9-3a21-49db-be29-6d72d52aad31,2026-04-27T10:03:51,b,2,1000,6.9,0.2,-12.9,12.9
1f984f7c-5a58-497c-bd19-524d4e8e00a4,2026-04-27T10:03:14,l,1,1000,6.94,-5.2,-0.5,5.22
5569a2c6-0352-49fa-a823-b207ae859fe3,2026-04-27T10:02:38,r,8,1000,6.94,28.9,-9.5,30.42
fb23e8d9-cba5-49be-8a79-8e78676dc782,2026-04-27T10:01:53,f,2,1000,6.94,0.7,11.6,11.62
8f80d24e-cd32-4c1d-bb05-f8aa193158bd,2026-04-27T10:01:11,b,9,1000,6.9,-0.1,-53.9,53.9
26e460ac-d5da-4234-bc96-52ec4b9662af,2026-04-27T10:00:21,l,2,1000,6.98,-7.4,-1.6,7.57
d882286f-6118-4a06-b3e1-0700e5e86eba,2026-04-27T09:59:41,b,6,1000,6.94,-0.5,-35.0,35.0
7a7b8558-e078-4b45-8b3f-9b1baf12f818,2026-04-27T09:59:03,f,10,1000,6.98,8.6,52.7,53.4
1ab1bd90-4a4c-4152-bd11-0d157ef6774f,2026-04-27T09:57:00,l,10,1000,6.98,-34.5,-8.4,35.51
6f17fc5a-ff26-434e-ba47-4c65061c0fa9,2026-04-27T09:54:44,b,8,1000,6.98,-2.1,-47.1,47.15
2c5befae-2f15-4d66-b343-0222490a9bd5,2026-04-27T09:53:30,r,2,1000,6.98,7.7,-0.7,7.73
cd2925a6-0d2d-4028-bc3b-b4040b66b0b2,2026-04-27T09:51:15,l,6,1000,6.98,-22.3,-5.5,22.97
c8382cfc-436d-46b9-a08f-c9368bbbcd23,2026-04-27T09:47:39,b,7,1000,6.98,-0.1,-40.1,40.1
4fd4593f-009c-42de-8a3f-979e6262f37d,2026-04-27T09:46:41,b,4,1000,6.98,0.0,-24.8,24.8
4e748919-b055-42b8-bd07-ac564a6c875f,2026-04-24T10:58:59,r,9,1000,7.25,36.5,-1.6,36.54
48487fd8-89d1-4dcc-9912-f84ed0d1fbd8,2026-04-24T10:58:07,r,5,1000,7.29,16.6,-4.9,17.31
80057286-4a01-4595-9e91-647e204ceec1,2026-04-24T10:56:51,r,1,1000,7.29,4.0,-0.8,4.08
cc5d7123-e246-4006-af5f-cc1bbe2eccf4,2026-04-24T10:56:15,l,5,1000,7.29,-18.1,-4.0,18.54
eda04fb2-3b0b-4890-90db-3632138eecf7,2026-04-24T10:55:15,l,8,1000,7.29,-29.0,-11.9,31.35
af1d2e9e-75a7-4398-8fbe-31b6dd707ce7,2026-04-24T10:54:09,f,7,1000,7.25,1.8,37.4,37.44
4d6f7726-130b-4c4b-b011-435e426c0685,2026-04-24T10:51:55,f,6,1000,7.33,4.2,33.8,34.06
1386d31c-138a-4a00-8216-84e414562790,2026-04-24T10:51:15,f,4,1000,7.33,2.5,22.6,22.74
b0456ea2-369a-43c9-ab33-0c54a0e0c913,2026-04-24T10:49:55,l,9,1000,7.33,-32.9,-9.0,34.11
cccffd44-336e-4fd8-8160-f51fbc5d0664,2026-04-24T10:49:14,b,1,1000,7.33,0.0,-8.3,8.3
ee404a32-1167-42df-8d45-d2bb4aaad4e2,2026-04-24T10:48:33,b,5,1000,7.25,-0.5,-28.1,28.1
905f3c74-59f7-40a1-bbca-b12b5eb01f82,2026-04-24T10:47:44,b,4,1000,7.33,-0.5,-24.2,24.21
afae9e46-a4c7-4bb7-8c6c-1ddb38dc2ec9,2026-04-24T10:46:56,b,3,1000,7.33,-0.5,-19.0,19.01
606a817e-dc9d-475f-a7d8-160ad01fa9e5,2026-04-24T10:46:01,l,7,1000,7.33,-25.8,-6.1,26.51
74034a58-413b-4d3b-912d-424611482d2a,2026-04-24T10:45:14,f,8,1000,7.37,5.6,46.1,46.44
142ebb7a-fe56-4ab1-93e3-6943b6e3e9bc,2026-04-24T10:44:30,f,3,1000,7.37,0.1,19.1,19.1
4e87ad76-a27a-43e1-b0a0-13001398167f,2026-04-24T10:43:40,r,6,1000,7.33,23.2,-4.0,23.54
105bbba5-187b-4557-86b6-0e14b5e3dd6e,2026-04-24T10:41:48,l,4,1000,7.41,-16.0,-3.3,16.34
d8e2545e-7738-4151-82e4-4166cfc6be63,2026-04-24T10:41:02,f,1,1000,7.37,-0.5,7.6,7.62
ca40ac89-e175-47ac-af5a-4f0b963e4f8b,2026-04-24T10:40:18,r,7,1000,7.37,24.1,-7.0,25.1
af5f73f9-260d-4abb-9c8e-3248f535b924,2026-04-24T10:39:15,r,10,1000,7.37,37.5,-6.1,37.99
1b179773-13b9-4e3b-ad0f-695208c7aa3a,2026-04-24T10:38:29,l,3,1000,7.41,-13.1,-2.3,13.3
9c9d9517-bf25-4378-9b75-4a493d5d64dd,2026-04-24T10:37:27,b,2,1000,7.41,0.0,-12.0,12.0
570e09ed-673e-4a31-9349-cbf416930a4f,2026-04-24T10:36:50,l,1,1000,7.41,-5.1,-0.5,5.12
67e6c6ec-53fa-43ef-9304-504241a72c9b,2026-04-24T10:36:11,r,8,1000,7.49,32.1,-7.4,32.94
e520bc5f-d910-46e3-a170-e898aa696f0d,2026-04-24T10:35:22,f,2,1000,7.41,0.0,11.6,11.6
e8afda0a-fa29-40a0-862e-4e121b0b2d6c,2026-04-24T10:34:38,l,2,1000,7.37,-7.2,-0.7,7.23
559b178c-218d-4fa9-847e-8f5ed7a69308,2026-04-24T10:33:44,b,6,1000,7.41,-0.5,-35.0,35.0
1ae076be-4942-4357-9cd8-b884a423ed60,2026-04-24T10:32:53,f,10,1000,7.41,7.4,53.5,54.01
02b8fc04-0a01-4db8-9653-280fdee503de,2026-04-24T10:32:13,l,10,1000,7.45,-34.4,-12.9,36.74
1f515183-b4e3-44b5-a7be-a0af86951002,2026-04-24T10:31:12,r,2,1000,7.41,7.9,-1.3,8.01
2afe8727-dcac-4e2c-af80-913d318702db,2026-04-24T10:29:52,l,6,1000,7.45,-22.5,-5.6,23.19
6b05f972-e74f-4571-962b-54fe9f8bd749,2026-04-24T10:28:59,b,8,1000,7.49,-0.5,-47.7,47.7
8d11f334-e957-4688-8750-83159f4be2ee,2026-04-24T10:28:07,b,7,1000,7.45,-0.4,-38.7,38.7
b338fbf3-db11-4d7d-bfc8-e2d43f642291,2026-04-24T10:27:01,b,10,1000,7.41,-1.0,-54.6,54.61
69654fdd-f8f4-4944-8a37-22b0fe8f00f9,2026-04-24T10:26:22,b,10,1000,7.41,-0.6,-56.7,56.7
f390ae40-d7c8-4fde-82cc-9b8775ee4b2a,2026-04-24T10:25:28,r,4,1000,7.45,15.0,-3.3,15.36
2376dd14-4945-41e1-b4a6-5d4a2aa49eb1,2026-04-24T10:24:26,r,4,1000,7.45,15.3,-3.4,15.67
c908e106-c1a1-41d7-97cd-257112749a81,2026-04-24T10:23:36,f,9,1000,7.49,2.0,48.9,48.94
ece2d6ac-ecf9-495c-af7a-c9db7095331b,2026-04-24T10:22:53,f,9,1000,7.49,3.7,48.7,48.84
fd625b81-51f0-4e77-b5fb-44b8b50054fd,2026-04-24T10:22:00,f,5,1000,7.49,0.6,27.0,27.01
b02a54ff-49bf-4c9e-85f4-2a37508905a1,2026-04-24T10:21:19,f,5,1000,7.49,2.8,27.6,27.74
c3305ea0-2219-4b74-84c6-b98a3803a223,2026-04-24T10:20:36,b,9,1000,7.45,-2.0,-52.8,52.84
84f9f6d6-36ee-458c-9082-19bcc7827803,2026-04-24T10:19:45,b,9,1000,7.49,-0.5,-51.8,51.8
e10bc95e-1b70-48e1-a6e4-f3f57aca7052,2026-04-24T10:00:15,b,4,1000,7.57,-0.4,-23.7,23.7
41854d41-f29d-451a-ae0a-c0dca154075e,2026-04-24T09:59:20,b,3,1000,7.61,-0.5,-20.5,20.51
fe1ef1f9-3f2a-48f4-a30b-9e9a7365fc6c,2026-04-24T09:57:33,b,5,1000,7.65,-0.5,-27.9,27.9
e2f94200-1924-49ff-ac92-59e5a8371a64,2026-04-24T09:56:48,b,1,1000,7.65,0.0,-8.1,8.1
d3b68a09-52d9-424c-ad65-83d9c5fb1a02,2026-04-24T09:56:11,l,9,1000,7.69,-31.5,-10.4,33.17
7059bb71-d54a-4e5d-9903-85f0e6e5200b,2026-04-24T09:55:15,r,4,1000,7.69,14.6,-2.7,14.85
2b171380-e226-4bd3-91a5-8ae0ade4efeb,2026-04-24T09:54:37,f,4,1000,7.73,1.0,22.8,22.82
243fc904-a182-4623-9244-eabcf086c07e,2026-04-24T09:53:37,f,9,1000,7.76,3.5,47.7,47.83
e39304af-4300-4bcf-b941-1c4b8c609494,2026-04-24T09:52:24,r,5,1000,7.69,17.6,-4.3,18.12
80510811-f16b-478f-80bf-43b81ec7b42d,2026-04-24T09:51:10,r,9,1000,7.69,34.5,-7.1,35.22
b6117237-1ccc-4d41-97b5-b3bbeebcdff8,2026-04-24T09:50:02,r,1,1000,7.69,4.0,-0.5,4.03
b07a3bff-ff1c-4739-a7e3-90c61b4823d2,2026-04-24T09:49:07,l,5,1000,7.76,-17.7,-4.7,18.31
7e347b8c-a5d7-49fa-8adc-e6f74cc5dc45,2026-04-24T09:47:48,l,8,1000,7.69,-30.5,-8.4,31.64
6fd014ee-93cb-4a01-ba1b-ecf3fe68e1b2,2026-04-24T09:46:44,f,7,1000,7.73,1.9,37.2,37.25
1b8755a5-318b-43a7-a8dc-2344934ea142,2026-04-24T09:46:01,f,5,1000,7.73,2.0,24.9,24.98
bc1cdbbd-3390-440b-9a3d-a46505da41ea,2026-04-24T09:45:08,f,8,1000,7.76,3.6,44.9,45.04
f27571d4-a1e8-4777-b7e9-093f5e0cb901,2026-04-24T09:44:12,l,7,1000,7.73,-25.9,-6.2,26.63
6bac63fb-d54c-4151-a0fe-5ec597bf6984,2026-04-24T09:43:09,f,3,1000,7.76,2.5,18.7,18.87
bce49373-a985-4a00-9c70-af8d0da1fde9,2026-04-24T09:42:30,r,6,1000,7.73,24.8,-1.7,24.86
07848f30-3274-4cee-8926-7021717146e7,2026-04-24T09:41:27,r,3,1000,7.76,12.0,-2.6,12.28
204e7fad-51d7-43e0-9c9f-a6713243ab28,2026-04-24T09:40:29,l,4,1000,7.69,-16.1,-2.9,16.36
292e2340-7b30-49c7-a04b-3694eee715a2,2026-04-24T09:39:35,f,1,1000,7.76,0.2,7.5,7.5
35e57bff-aee5-484f-85fb-950c3268cc40,2026-04-24T09:38:45,r,7,1000,7.73,27.7,-1.1,27.72
29c5f18b-7dbf-4cf3-8e40-2b531cc7d113,2026-04-24T09:37:17,r,10,1000,7.73,40.2,-1.6,40.23
ea1059bb-a01e-49eb-899f-bbc188d288ad,2026-04-24T09:35:18,l,3,1000,7.73,-12.6,-1.9,12.74
241dcfb0-0b38-406b-bff1-2cc4766d4f4f,2026-04-24T09:34:10,b,2,1000,7.8,-0.1,-12.5,12.5
bf193db6-8240-4c99-959f-d5f9e6515de9,2026-04-24T09:33:12,l,1,1000,7.73,-5.1,-0.5,5.12
051a5ab8-55ef-496d-bbc6-793bea8f1995,2026-04-24T09:32:22,r,8,1000,7.73,28.9,-11.0,30.92
4f1fc046-74cd-4025-9bdb-9b44a8accc78,2026-04-24T09:31:11,f,2,1000,7.8,0.9,11.6,11.63
791333c4-dc87-441e-9d54-a4c51f6500d6,2026-04-24T09:30:21,l,2,1000,7.76,-7.4,-1.0,7.47
86dc2a11-5bd3-49d9-bb3d-599a94c49268,2026-04-24T09:29:04,f,10,1000,7.76,3.4,52.1,52.21
7d7cbc95-7a8f-4f6e-9f54-6e6c4dbabc6e,2026-04-24T09:27:55,l,10,1000,7.76,-35.5,-11.2,37.22
54d1617a-98a0-4980-856c-a4914dcddecb,2026-04-24T09:26:34,b,8,1000,7.76,-0.5,-48.0,48.0
8ed0c8cb-abe2-4295-b990-82b537296bc1,2026-04-24T09:25:32,l,6,1000,7.76,-23.4,-5.4,24.01
cb1845cc-23e9-44b5-9f5c-551ef2443c55,2026-04-24T09:23:45,b,7,1000,7.8,-0.6,-41.0,41.0
62e05892-f258-4b34-914e-461a745e6ab1,2026-04-24T09:22:34,r,4,1000,7.8,14.0,-3.6,14.46
3617e1bc-5fd1-428e-a125-8c88684263ed,2026-04-24T09:21:50,r,5,1000,7.76,17.1,-2.3,17.25
b3a61d08-ed79-4e63-9eb0-599d0e7ff48e,2026-04-24T09:20:57,r,6,1000,7.84,24.7,-1.7,24.76
a234b0d2-89e1-4fc5-8d0a-e6f33c1defda,2026-04-24T09:19:58,f,9,1000,7.8,4.8,50.5,50.73
9343975f-20eb-46be-93f5-5205cd7b6366,2026-04-24T09:18:47,f,1,1000,7.8,0.8,7.9,7.94
71467ce4-a977-41f4-8eba-72b77acb8577,2026-04-24T09:17:57,r,10,1000,7.84,35.4,-10.3,36.87
bb2c2d10-6159-46b2-8994-12e016dce895,2026-04-24T09:16:32,r,8,1000,7.76,31.7,-7.1,32.49
1aa47a5a-bbbf-4dcf-b0bd-e75946e78a16,2026-04-24T09:15:31,f,2,1000,7.8,0.1,11.4,11.4
e19fbb87-5710-4954-b255-bcef39f4b656,2026-04-24T09:14:55,f,10,1000,7.76,8.0,53.1,53.7
556d0529-f86d-40ed-9da3-7edc08588fc1,2026-04-24T09:13:39,r,9,1000,7.84,32.5,-9.5,33.86
8e54ecab-2511-4c28-a5b4-a3959949ece3,2026-04-24T09:12:13,f,3,1000,7.8,1.5,18.6,18.66
4a6e8930-56f8-4c09-8ce8-2845048a444c,2026-04-24T09:11:22,r,7,1000,7.84,25.4,-6.0,26.1
9fd0eedb-1f7b-4111-8f49-f79846f5d18b,2026-04-24T09:10:32,f,4,1000,7.8,0.1,22.2,22.2
7cdcb1d8-a748-47fa-9480-e96095a35a36,2026-04-24T09:09:35,f,6,1000,7.8,3.6,32.9,33.1
881533fc-215d-4165-a9ac-9eed3c1712a1,2026-04-24T09:07:45,f,6,1000,7.8,4.1,33.8,34.05
9edc050f-dc81-4baa-8857-61ddd1d23154,2026-04-24T09:06:46,f,7,1000,7.84,4.5,37.4,37.67
455c2909-b5a0-4337-9664-998c7f735126,2026-04-24T09:05:56,f,7,1000,7.88,-1.7,37.7,37.74
17d2ca01-4260-416f-8045-a410feebf690,2026-04-24T09:05:03,f,5,1000,7.88,2.4,26.6,26.71
fb9ad265-cf59-4ccd-8cbc-349ff1874e31,2026-04-24T09:04:24,f,5,1000,7.84,0.0,25.9,25.9
4d61a199-611d-4736-8189-095b93c8e729,2026-04-24T09:03:39,f,8,1000,7.92,2.5,45.5,45.57
7944da7c-7492-4568-9646-bd32290b904d,2026-04-24T09:02:57,f,8,1000,7.8,2.9,46.6,46.69
e3c931bc-e38a-48ff-8d8d-c5018d20bef5,2026-04-24T09:02:03,r,5,1000,7.88,17.1,-4.4,17.66
472d31ff-eaf8-4a1c-8cfd-3323982bf889,2026-04-24T09:00:59,r,6,1000,7.88,21.9,-4.4,22.34
72b23468-267c-4117-ba1c-c571b795e423,2026-04-24T09:00:13,r,7,1000,7.84,26.6,-4.4,26.96
4bee7fe1-04d0-4b18-9dd0-756a600e82c6,2026-04-24T08:59:23,r,8,1000,7.88,30.3,-9.0,31.61
58873ad4-f2b5-4948-bca6-dc1a51fcb3be,2026-04-24T08:58:29,r,10,1000,7.92,35.0,-11.3,36.78
6f7e057c-daf0-45c5-b710-d72b47cae83f,2026-04-24T08:57:43,r,9,1000,7.92,32.5,-11.0,34.31
5ec43f9e-8871-4395-af25-348c47c8ec06,2026-04-23T17:16:05,b,3,1000,6.51,-0.5,-20.9,20.91
25ac8126-0876-471f-8402-584671c78e6d,2026-04-23T17:15:41,b,1,1000,6.51,-0.3,-7.4,7.41
af3489b2-8cb5-4579-b97e-a124e3c9f41e,2026-04-23T17:15:08,b,5,1000,6.55,-0.4,-26.8,26.8
a33ac848-c6e5-48af-b541-bf8b903d404f,2026-04-23T17:14:02,b,10,1000,6.51,-7.7,-53.0,53.56
fe82368b-649e-43c4-9ea5-a592032fce03,2026-04-23T17:12:57,l,9,1000,6.51,-34.1,-7.4,34.89
b1135044-e3e8-40e9-9a45-8cd3ebd92cd9,2026-04-23T17:12:00,r,4,1000,6.59,16.3,-1.4,16.36
d6dbbccb-17a3-415c-9738-156517dd7dfe,2026-04-23T17:11:16,f,4,1000,6.59,-0.1,24.2,24.2
b7af1746-0097-406e-9919-bdbcf9bf11e3,2026-04-23T17:10:29,r,9,1000,6.55,33.7,-8.0,34.64
7d5b1b1e-74e8-41a0-bdac-c3b457a2ab61,2026-04-23T17:08:45,r,1,1000,6.59,5.4,-0.3,5.41
f927ffdd-1cc6-41f3-8d00-661ab29d67a9,2026-04-23T17:07:58,l,5,1000,6.55,-17.9,-3.3,18.2
cdf8d1a7-c8a3-44fb-85ad-722053c47106,2026-04-23T17:07:07,l,8,1000,6.59,-31.6,-7.1,32.39
c8754ab5-3a7f-4455-903c-84457179a637,2026-04-23T17:06:24,l,7,1000,6.59,-27.0,-5.9,27.64
5b5774be-a219-4d8a-a106-fba554bfb3da,2026-04-23T17:05:30,l,4,1000,6.63,-15.0,-2.6,15.22
75643578-13e3-4da1-9489-a84b2c827551,2026-04-23T17:04:42,r,6,1000,6.59,23.8,-4.0,24.13
57c9d93d-a888-4ab2-9920-a9f9ee6eb793,2026-04-23T17:03:24,r,3,1000,6.63,14.0,-2.4,14.2
f5ea3bb7-4e3b-4025-87d4-6055cefea4a6,2026-04-23T17:02:27,r,7,1000,6.63,25.7,-5.1,26.2
471b49be-5a7f-4ca1-9f62-8f3f440bf769,2026-04-23T17:01:36,r,10,1000,6.59,41.3,-1.9,41.34
43d150b6-ed37-46ed-8a24-8fb300e33203,2026-04-23T17:00:30,b,9,1000,6.67,-2.7,-52.1,52.17
eaea6941-5317-40ca-964c-00806ebbf32c,2026-04-23T16:59:26,f,10,1000,6.67,5.1,51.1,51.35
dbea42d6-4a3b-44cc-bac6-fb7ebf60f6ea,2026-04-23T16:58:18,b,4,1000,6.59,-0.5,-24.1,24.11
275234f0-15e5-4602-ba42-a35e873a925a,2026-04-23T16:57:22,b,5,1000,6.63,-0.5,-28.0,28.0
08268fe5-e0b0-4c3b-84a9-de67b73315a5,2026-04-23T16:56:20,r,7,1000,6.63,27.1,-5.0,27.56
71157e6d-a6ae-4f68-8ad4-0823381ed852,2026-04-23T16:54:07,b,1,1000,6.67,0.0,-8.3,8.3
bd7c09b3-0b77-4d9c-956d-dda9d7aa0abf,2026-04-23T16:44:34,b,10,1000,6.71,-4.4,-57.6,57.77
b8541401-1701-4a6f-a824-fb031b30fcd1,2026-04-23T16:43:15,l,9,1000,6.71,-33.8,-9.4,35.08
622c92ee-050c-45d8-99bf-18f270951fd9,2026-04-23T16:42:02,r,4,1000,6.75,15.5,-3.1,15.81
b33df757-2b54-4df7-80ed-a678c26da192,2026-04-23T16:40:55,r,9,1000,6.78,34.0,-8.4,35.02
1d3a56fa-eeb7-4295-86f2-9029329e0046,2026-04-23T16:39:51,r,1,1000,6.75,4.7,-0.7,4.75
7d6028ae-0004-482d-beb3-aad2504dde0e,2026-04-23T16:38:43,l,5,1000,6.75,-18.5,-4.0,18.93
c9f68e02-1442-46c7-ab45-90c0d2bb2f32,2026-04-23T16:37:42,l,8,1000,6.75,-32.1,-7.5,32.96
d5fbda3a-6f07-48d7-9673-1778d6588b49,2026-04-23T16:36:21,l,7,1000,6.75,-25.7,-7.4,26.74
73830f50-0796-4da1-aa44-afc78b439cd8,2026-04-23T16:35:12,r,6,1000,6.78,23.8,-5.1,24.34
85540247-6b39-4526-9684-c2e54bd23e07,2026-04-23T16:34:09,r,3,1000,6.78,13.2,-1.3,13.26
cb60ca12-d76e-4391-aa3f-774b52ffd448,2026-04-23T16:32:34,l,4,1000,6.78,-15.3,-3.3,15.65
6d062e84-6d2d-4aaf-9fc3-71fed78c6ad3,2026-04-23T16:31:33,r,10,1000,6.78,36.5,-10.0,37.85
f6b6ed72-2fc2-4330-bce4-8920046dd75c,2026-04-23T16:30:20,b,2,1000,6.78,-0.4,-12.4,12.41
31723c05-cc9c-40e4-a0d8-779a3c76635b,2026-04-23T16:29:45,b,2,1000,6.86,-0.2,-12.3,12.3
36f335fe-0af2-418e-894e-57f2f7506bdc,2026-04-23T16:28:45,l,3,1000,6.82,-13.4,-3.2,13.78
3774d53f-92b8-4afe-a423-b4bc5bb3e7fa,2026-04-23T16:27:22,l,3,1000,6.82,-13.7,-2.2,13.88
bc165d00-cbdb-4ecd-9301-ddea0e06b720,2026-04-23T16:25:49,l,1,1000,6.82,-5.1,-0.5,5.12
f1b0fb6c-f46d-4ba1-8b65-02f6b4898a4d,2026-04-23T16:23:08,r,8,1000,6.86,32.0,-5.9,32.54
ffdbfdf9-7779-4bc1-9b79-2851f2d499fa,2026-04-23T16:22:15,r,8,1000,6.9,29.0,-10.3,30.77
c77c2ba4-3156-49a5-b3fa-a297fb73114c,2026-04-23T16:20:28,l,2,1000,6.86,-8.0,-0.9,8.05
3f581e3e-793d-47ad-a493-49fbe0691868,2026-04-23T16:19:54,l,2,1000,6.86,-7.7,-1.1,7.78
18fcb52a-4329-418f-a8dd-ed58b163f564,2026-04-23T16:18:06,b,6,1000,6.86,-0.6,-37.0,37.0
bc117ba9-beb4-4d04-b948-c83cdda21ac2,2026-04-23T16:16:55,b,6,1000,6.9,-1.7,-34.8,34.84
349b77a1-c539-46ed-b8b4-22f0682739a1,2026-04-23T16:15:20,l,10,1000,6.86,-35.6,-12.6,37.76
4d6bac5d-4c75-4ad1-996f-f24cca108f89,2026-04-23T16:13:58,l,10,1000,6.9,-38.0,-10.4,39.4
19f84dc5-3112-4b4f-94d7-6a0e7b8d63cb,2026-04-23T16:12:44,r,2,1000,6.9,6.5,-1.5,6.67
70345222-4042-4f49-b7cc-b7f3235bfccc,2026-04-23T16:12:01,r,2,1000,6.86,6.7,-1.5,6.87
741d7459-15bd-4bd9-9bb4-ed7463983c57,2026-04-23T16:09:41,l,6,1000,6.94,-23.0,-5.7,23.7
6ac37e82-6e83-458e-9e7d-1dce731f84af,2026-04-23T16:08:04,l,6,1000,6.9,-23.6,-5.1,24.14
cb10b639-a62e-4b90-a4a0-49ec4f91adda,2026-04-23T16:06:56,b,8,1000,6.86,-0.6,-49.1,49.1
01d4c72b-7ad0-46c4-8583-0547b355e421,2026-04-23T16:06:16,b,8,1000,6.9,-2.0,-49.5,49.54
5431cd5b-ba6f-4c90-87c2-5198b2838243,2026-04-23T16:04:59,b,7,1000,6.9,-0.4,-41.5,41.5
f9d2bf2c-27b4-43a6-a607-4ed5ea70d8dc,2026-04-23T16:04:20,b,7,1000,6.94,-0.5,-41.2,41.2
8db5ac0a-8725-45e7-bec6-9d3d7baf0a5e,2026-04-23T16:01:08,r,3,1000,7.02,13.0,-3.3,13.41
d0cb0116-5534-4be8-bd83-99bd46d491d8,2026-04-23T16:00:05,r,5,1000,6.98,17.0,-4.0,17.46
b8553727-ed92-4e64-a8d5-e7c858cc3acf,2026-04-23T15:59:26,r,5,1000,6.94,19.1,-2.5,19.26
250597b9-faa7-490a-acd5-a3fe53b5333c,2026-04-23T11:43:27,b,9,1000,6.98,-5.6,-51.1,51.41
4a688d94-e323-4b27-9ca6-a2b2a363c74c,2026-04-23T11:42:39,b,6,1000,7.02,-0.5,-36.1,36.1
a46f4eaa-744e-4a3f-bddf-91b3349ffe05,2026-04-23T11:41:41,l,10,1000,7.02,-38.6,-8.1,39.44
a77dc24d-673f-44f4-80ff-0ce9c0bdc4b1,2026-04-23T11:40:06,b,5,1000,7.02,-2.0,-27.1,27.17
adcfbf7f-659c-424e-9ad5-c06f87992f19,2026-04-23T11:39:31,b,4,1000,7.02,-0.5,-23.5,23.51
45da07ad-2c91-47f5-9650-1a2dc10e779b,2026-04-23T11:39:00,b,3,1000,7.02,0.0,-20.7,20.7
63a116b5-71ad-4fcd-b9c3-93526686f96d,2026-04-23T11:38:34,b,5,1000,7.02,-0.5,-28.0,28.0
ac6c4971-0017-44bf-b0c0-49045ed11a58,2026-04-23T11:38:07,b,4,1000,7.06,-0.5,-24.6,24.61
47f91491-d797-48ed-8689-ea04679cdf08,2026-04-23T11:37:33,b,3,1000,7.02,-0.4,-19.6,19.6
9c1cb0e2-9b34-4fc1-b300-e91f53f58b13,2026-04-23T11:36:27,b,1,1000,7.02,0.0,-8.3,8.3
5ebb1725-f1ab-4f08-9216-5ff5d2606b27,2026-04-23T11:36:02,b,1,1000,7.06,-0.1,-7.8,7.8
e3399e8f-c5a9-48a0-a995-a49289ed4a38,2026-04-23T11:35:12,f,6,1000,7.1,2.1,35.4,35.46
819ff17c-8487-40dc-99a2-b17776c100cc,2026-04-23T11:34:35,f,6,1000,7.1,3.6,34.1,34.29
d77be662-5169-4931-b10e-28f265a46e3b,2026-04-23T11:33:20,l,4,1000,7.06,-16.0,-2.4,16.18
09e6b322-bc55-43fe-957c-68ca6d3c6b82,2026-04-23T11:32:43,l,4,1000,7.1,-14.9,-3.0,15.2
9458b562-da4c-4dd4-9b6b-5f6fbcf4ad00,2026-04-23T11:30:23,l,5,1000,7.1,-18.0,-4.4,18.53
abdd95f9-ef0c-44da-9e85-c8c96617ffc9,2026-04-23T11:29:45,l,5,1000,7.1,-17.6,-5.0,18.3
46f32bbd-b9a7-4931-bc7a-9b8b0e915dc8,2026-04-23T11:29:00,l,8,1000,7.1,-31.5,-9.0,32.76
d4b55c26-95bb-4ffa-9b02-bc38fb11be5b,2026-04-23T11:28:12,l,8,1000,7.14,-29.8,-9.6,31.31
f57c2102-0955-4dd2-b010-059b25f7db29,2026-04-23T11:27:02,f,3,1000,7.14,1.0,19.7,19.73
21f0711f-fab2-4b8c-94d0-ace624dccfe4,2026-04-23T11:26:28,f,3,1000,7.14,0.0,18.5,18.5
815cd2fb-dfda-4cba-ba11-56e33ba52fab,2026-04-23T11:25:04,l,7,1000,7.22,-25.5,-8.4,26.85
b7b46340-458b-4499-b987-81cfa6532397,2026-04-23T11:24:14,l,7,1000,7.18,-25.0,-7.5,26.1
f935a6e1-cf1f-4d1c-8b14-36bef4492980,2026-04-23T11:23:02,l,2,1000,7.14,-7.9,-1.5,8.04
5633d361-ad50-416e-9cee-f0ba87af661f,2026-04-23T11:22:19,l,2,1000,7.14,-7.3,-1.3,7.41
ca589a38-8f2f-4fff-a6c7-e7df03529c01,2026-04-23T11:21:11,l,6,1000,7.14,-23.1,-5.1,23.66
6a4a8dc8-c4f8-48f6-8a1a-852a725f91b3,2026-04-23T11:20:12,l,6,1000,7.18,-23.3,-5.0,23.83
a0bbd379-d7bc-4259-b06f-1e5f1de9ddfb,2026-04-23T11:13:40,f,1,1000,7.22,0.5,8.0,8.02
d91a2f4c-ed50-4bb2-8829-c58b49ec5a9a,2026-04-23T11:13:15,f,1,1000,7.22,-0.1,7.5,7.5
4c1b700d-b91b-4ebe-aebd-02850496ce12,2026-04-23T11:12:00,l,9,1000,7.22,-32.4,-9.9,33.88
e75a97e6-3355-45d5-87c7-32b34be74ff9,2026-04-23T11:10:55,l,9,1000,7.25,-34.7,-8.8,35.8
1851254d-4b9a-4a55-89ee-3ebe8d42eaf2,2026-04-23T11:09:52,f,4,1000,7.22,1.6,23.6,23.65
861a1863-186d-4700-9962-a6b41ce92ab4,2026-04-23T11:09:16,f,4,1000,7.25,1.1,23.6,23.63
57d2bb95-3a6e-4939-86d0-1b9d2278160c,2026-04-23T11:08:14,r,1,1000,7.25,4.7,-0.4,4.72
e8511c2f-fbeb-4d1e-a82f-af7390378d21,2026-04-23T11:07:29,r,1,1000,7.25,4.6,-0.6,4.64
70e64a13-ca3a-40a9-a949-489cefd5a184,2026-04-23T11:06:43,b,2,1000,7.22,-0.3,-12.4,12.4
423fe4f4-ddb6-4f0f-a6db-2876881d1c46,2026-04-23T11:06:04,b,2,1000,7.22,-0.1,-12.4,12.4
0ae0cbc9-67e5-4db9-aa68-a11ea7382673,2026-04-23T11:04:48,r,3,1000,7.22,12.4,-2.5,12.65
64ee1748-1b28-4fab-b519-394b3eaa61f1,2026-04-23T11:04:01,r,3,1000,7.29,12.6,-1.5,12.69
6e00f06f-86ef-4565-829c-ddf5e6cc7756,2026-04-23T11:03:03,l,3,1000,7.25,-14.6,-2.4,14.8
1a1f4816-c90e-46d6-8148-54425440c5f9,2026-04-23T11:02:15,l,3,1000,7.29,-13.1,-1.7,13.21
05aef819-2755-4909-9594-1a844871b338,2026-04-23T11:01:04,f,10,1000,7.29,4.1,53.5,53.66
03d532d0-e7c2-4c19-a166-b1bc9e47a83f,2026-04-23T11:00:09,f,10,1000,7.29,4.4,54.4,54.58
7f0731a6-0d3f-4fd3-8f17-73888e11f7de,2026-04-23T10:59:08,f,7,1000,7.29,3.9,39.4,39.59
f4d91557-5e13-4c12-a846-27e0458c56ce,2026-04-23T10:58:21,f,7,1000,7.33,1.0,38.2,38.21
7adfa635-6e8d-4cd6-986b-9bea9e5d9420,2026-04-23T10:56:43,f,2,1000,7.33,0.9,10.7,10.74
9db8fdb2-0e24-4e8f-9cc5-ed0be9ffb74a,2026-04-23T10:56:08,f,2,1000,7.33,0.7,11.4,11.42
94b40f84-912f-4a46-a0ac-14ce6f21668d,2026-04-23T10:55:14,b,8,1000,7.25,-0.5,-48.6,48.6
c63e10b1-b6ca-42a9-b9ce-7c9476f10bc8,2026-04-23T10:54:33,b,8,1000,7.33,-1.5,-47.5,47.52
f5ae9cb2-8ed1-42dd-9dfe-80ec7fd5ea0d,2026-04-23T10:53:12,f,8,1000,7.37,6.3,47.4,47.82
b952aeca-5013-4fde-862f-61d050cb5e1d,2026-04-23T10:52:11,f,8,1000,7.33,7.6,45.4,46.03
57a6baf0-733a-4903-bf1d-f6dd7128edb1,2026-04-23T10:51:04,l,1,1000,7.33,-5.1,-0.5,5.12
37f32834-2f17-4324-ae6f-a7627249084d,2026-04-23T10:50:30,l,1,1000,7.37,-5.4,-0.7,5.45
425197db-5091-46c5-a453-3174e8aa1533,2026-04-23T10:49:22,r,2,1000,7.33,7.6,-0.8,7.64
0934d09f-99fa-49b0-87e2-5e5f1de8428b,2026-04-23T10:48:40,r,2,1000,7.37,7.8,-0.8,7.84
795251e6-948f-4aa3-9343-1aa7642e1981,2026-04-23T10:47:31,b,7,1000,7.33,-0.4,-38.9,38.9
d6ffab93-0396-46ac-be21-4753d252d0c7,2026-04-23T10:46:45,b,7,1000,7.33,-0.5,-40.7,40.7
61d818b9-2249-48a6-b97f-edc3af3ca24e,2026-04-23T10:45:44,b,9,1000,7.33,-1.2,-52.9,52.91
29b27216-8af9-4b95-8044-86fe214f73c2,2026-04-23T10:44:53,b,9,1000,7.33,-3.2,-50.5,50.6
3bfc7d6f-c561-4bf5-8e97-6e23f7f3ef73,2026-04-23T10:43:45,b,6,1000,7.37,-0.5,-37.1,37.1
26698614-9ce7-45ea-8b2d-d75db7b0d8c2,2026-04-23T10:43:02,b,6,1000,7.33,-0.5,-36.5,36.5
df75d7dd-f6ed-425c-a7fd-02cfaf2e2f76,2026-04-23T10:41:44,f,9,1000,7.37,2.7,49.9,49.97
4f9220a0-f043-40ee-9c71-6a4e456e80b0,2026-04-23T10:40:57,f,9,1000,7.41,3.1,50.4,50.5
a7592ca2-280a-4a14-9555-9eb618e9faf6,2026-04-23T10:39:35,b,10,1000,7.37,-0.8,-58.2,58.21
7abda6ce-bca0-4202-a84a-159752292de7,2026-04-23T10:38:39,b,10,1000,7.37,0.2,-57.9,57.9
07f7cdaf-74a1-4e27-a020-d654630c6a17,2026-04-23T10:32:08,r,10,1000,7.45,38.5,-5.7,38.92
2545ed7c-5c16-4f32-92b1-f315fb1c0929,2026-04-23T10:31:16,r,10,1000,7.45,39.5,-1.8,39.54
16f0744a-f1c7-4c26-911f-217e29e41fe5,2026-04-23T10:30:12,r,9,1000,7.45,37.4,-3.0,37.52
82df831f-0c68-4e3c-b33c-cbc81ff42082,2026-04-23T10:29:19,r,9,1000,7.45,34.6,-6.6,35.22
74bdd8af-6c6f-4fae-a1eb-3e7785aa75ad,2026-04-23T10:28:05,r,8,1000,7.49,34.5,-1.5,34.53
0510fdf4-6de7-4c46-88ee-5ee7938b7944,2026-04-23T10:27:08,r,8,1000,7.45,33.2,-1.9,33.25
5c09cd45-572e-4392-a802-df2bb70a56cb,2026-04-23T10:25:25,r,7,1000,7.45,26.7,-4.9,27.15
34ed3835-5256-4e90-86fd-8ff41991554f,2026-04-23T10:24:40,r,7,1000,7.45,28.2,-1.6,28.25
c873bff6-980b-4a9b-a62a-8bf68bacb676,2026-04-23T10:23:41,r,6,1000,7.49,26.0,-2.7,26.14
54883550-0373-44d4-b2eb-28143a3e9d2e,2026-04-23T10:23:01,r,6,1000,7.49,22.6,-6.0,23.38
bf6390fc-faef-4f6d-8594-df1985021838,2026-04-23T10:22:26,r,5,1000,7.49,18.6,-2.4,18.75
f196a6b3-c241-4821-80db-1895efec0eca,2026-04-23T10:21:21,r,5,1000,7.49,18.5,-3.2,18.77
f2c1bd05-4c69-4650-a698-4f7751c1dc20,2026-04-23T10:20:36,r,4,1000,7.49,16.6,-1.8,16.7
90a84359-fd78-4378-bc44-733fbb7ad8af,2026-04-23T10:19:51,r,4,1000,7.53,16.5,-1.8,16.6
e102452e-8e8d-4f0a-ba95-42fa3d1f4fc9,2026-04-23T10:18:53,r,3,1000,7.53,14.5,-1.7,14.6
0e78e108-dc11-40da-b329-0fbbfad3457a,2026-04-23T10:17:52,r,3,1000,7.53,14.5,-1.8,14.61
d05f8839-f321-49c8-8d8f-5550adc660e1,2026-04-23T10:16:47,r,2,1000,7.57,7.1,-1.4,7.24
f49454cb-1cd3-40b8-8a69-6b417916f8d9,2026-04-23T10:12:14,r,2,1000,7.53,8.1,-1.1,8.17
16728970-a975-4a92-bbb3-14afe909919d,2026-04-23T10:11:31,r,1,1000,7.57,4.7,-0.5,4.73
6aa7b561-ce95-4c78-a02a-97a66b80e4ff,2026-04-23T10:10:47,r,1,1000,7.57,5.0,-1.2,5.14
030beadb-5375-4e21-8851-e36d6ee2f39a,2026-04-23T10:07:58,l,10,1000,7.57,-37.6,-8.5,38.55
361c3d11-c575-4c21-9b40-f38815871049,2026-04-23T10:07:10,l,10,1000,7.57,-37.5,-8.6,38.47
be99ad6a-e5a7-4b7b-9f04-4691a8d52472,2026-04-23T10:05:52,l,9,1000,7.57,-35.8,-9.4,37.01
d9b67679-260c-4538-9ae7-8048b415963c,2026-04-23T10:04:26,l,9,1000,7.61,-35.5,-9.0,36.62
0f2367d1-531d-4b01-8df3-9d03d90f95b0,2026-04-23T10:03:21,l,8,1000,7.57,-31.6,-8.9,32.83
3ea22752-809c-4548-bf87-addbb8957082,2026-04-23T10:02:15,l,8,1000,7.57,-32.0,-8.5,33.11
b3df97e6-2b67-4ce2-afcc-c66f4bb16764,2026-04-23T10:01:20,l,7,1000,7.65,-26.2,-6.0,26.88
74f0923c-4e9b-4143-b8db-fbf82942e440,2026-04-23T10:00:28,l,7,1000,7.61,-27.1,-6.3,27.82
003436f7-1756-4d97-8a60-28dffb37ed06,2026-04-23T09:59:22,l,6,1000,7.57,-23.5,-6.0,24.25
e5eac01a-6d93-41d0-af70-ef8027c3598b,2026-04-23T09:58:29,l,6,1000,7.65,-23.9,-5.5,24.52
13ef8827-3cfa-4498-890a-c44e6cd60eb1,2026-04-23T09:57:25,l,5,1000,7.61,-19.2,-1.7,19.28
aa547d3b-aeb5-43ab-aa1c-eaaeb1d63281,2026-04-23T09:56:10,l,5,1000,7.65,-18.5,-4.2,18.97
1aa72a3d-c189-4124-b15b-694a133c3689,2026-04-23T09:55:15,l,4,1000,7.61,-17.0,-2.3,17.15
d13f8de1-9f03-4645-a07d-1c4d2609b6e1,2026-04-23T09:54:33,l,4,1000,7.65,-14.6,-3.3,14.97
c9663a31-df34-44c3-8d4b-26ed3191a494,2026-04-23T09:53:42,l,3,1000,7.65,-13.1,-2.0,13.25
07ccff98-5a55-411a-905d-5d7b393749b7,2026-04-23T09:52:15,l,3,1000,7.65,-13.0,-1.9,13.14
04339e7e-3f83-4be8-8bb4-33e0c94dbe80,2026-04-23T09:51:36,l,2,1000,7.65,-7.9,-1.1,7.98
24a49ace-5a14-4e40-a783-2e6ec7ed45c4,2026-04-23T09:50:44,l,2,1000,7.65,-7.7,-0.5,7.72
0a07349f-bbb1-4e06-b047-70c1ffcc51b4,2026-04-23T09:49:45,l,1,1000,7.65,-5.4,-0.5,5.42
a72a890d-ba7c-4052-aa62-1bb42f914a33,2026-04-23T09:49:11,l,1,1000,7.73,-5.4,-0.6,5.43
b2458b44-e7f6-4632-acb9-ba4b90def76f,2026-04-22T16:36:06,b,1,1000,7.73,-0.3,-8.6,8.61
eb9871a6-15ae-4ebb-9dfb-f5e2e1aa3f2c,2026-04-22T16:29:12,b,1,1000,7.76,0.5,-8.4,8.41
9b4423e0-2469-4eb7-8d46-d4bdd0053ff6,2026-04-22T16:27:17,b,2,1000,7.76,0.5,-13.0,13.01
b15a8a2c-1cd2-4b4b-a252-f4e00285ab12,2026-04-22T16:23:06,b,2,1000,7.76,-0.5,-13.0,13.01
f4f76f92-5777-4612-a10a-695f6396e921,2026-04-22T16:08:47,b,3,1000,7.84,0.2,-19.8,19.8
6104eae0-c8f6-4f99-b7f9-53a85dbf642c,2026-04-22T16:07:52,b,3,1000,7.73,0.8,-20.6,20.62
adae52bb-2209-43b6-818d-2d0963f9d665,2026-04-22T16:04:36,b,4,1000,7.8,-0.1,-24.5,24.5
6e2ee9f1-1496-4fca-aa24-6ccb20420d4e,2026-04-22T16:03:50,b,4,1000,7.84,0.0,-24.8,24.8
f50ceea4-4986-4709-bf4f-cf2fd352d094,2026-04-22T16:02:02,b,5,1000,7.8,-0.5,-29.7,29.7
7d507447-1ef7-4a96-8aec-adb3e611793a,2026-04-22T16:01:13,b,5,1000,7.84,0.3,-29.7,29.7
0421f221-b47a-429c-8b30-e284cf1b7135,2026-04-22T15:59:49,b,6,1000,7.8,0.0,-37.4,37.4
c6cb639e-4cba-417b-b5ef-fbd8905eec93,2026-04-22T15:57:44,b,6,1000,7.84,0.1,-37.0,37.0
21a1e7ff-8b94-4267-bca4-77deaf0952cf,2026-04-22T15:56:45,b,7,1000,7.8,-1.6,-41.6,41.63
3abcd4cd-a5ee-4bb7-8109-42170021d15b,2026-04-22T15:55:40,b,7,1000,7.88,-1.9,-41.5,41.54
aeaacb0e-dff3-4002-9652-c01b21538953,2026-04-22T15:54:22,b,8,1000,7.84,0.0,-50.7,50.7
e3c87699-b3ec-4423-b849-ccbd03611b11,2026-04-22T15:53:33,b,8,1000,7.84,-3.0,-50.1,50.19
409d58c1-0e23-4092-96b4-02a96080c070,2026-04-22T15:51:09,b,9,1000,7.92,-0.1,-54.2,54.2
34c83129-2917-41bd-80cb-a97994c0cdeb,2026-04-22T15:50:08,b,9,1000,7.96,-1.7,-53.1,53.13
eeadcbc5-7460-4ec0-a873-7f126ed191ed,2026-04-22T15:48:54,b,10,1000,7.96,-0.2,-58.0,58.0
970b5f6c-6c3a-4f19-9aaf-71c9a2c43bff,2026-04-22T15:48:04,b,10,1000,7.96,-0.3,-58.6,58.6
fa0bea90-31eb-42ba-b54f-704c5df4bbd7,2026-04-22T15:39:22,f,10,1000,6.47,2.0,53.7,53.74
426f223e-d53a-41fb-a041-ec0ab78d9311,2026-04-22T15:38:23,f,10,1000,6.47,5.3,54.3,54.56
632d4bc8-c39d-4403-9804-bb7e909f85f3,2026-04-22T15:37:15,f,9,1000,6.47,7.2,49.6,50.12
f67ffdd6-6e7d-47b5-82a7-d412af0e7b20,2026-04-22T15:36:23,f,9,1000,6.47,3.8,50.7,50.84
73c566d0-edcf-421d-bb1c-519424a4bc95,2026-04-22T15:35:17,f,8,1000,6.47,4.5,47.2,47.41
7ad718ea-e247-48d0-b681-9b11a795eb8f,2026-04-22T15:34:20,f,8,1000,6.47,6.9,45.3,45.82
177c66bd-3101-43b7-8c3a-516c38e840ab,2026-04-22T15:33:03,f,7,1000,6.51,5.0,37.9,38.23
9e225234-ae91-45bb-9f0e-9352dd5e695b,2026-04-22T15:31:57,f,7,1000,6.51,1.8,39.4,39.44
4bb5872a-5756-4fd0-b99b-74701257505c,2026-04-22T15:30:44,f,6,1000,6.51,3.2,34.2,34.35
85833ade-6b09-428b-89b2-6cc9254c56ac,2026-04-22T15:29:43,f,6,1000,6.55,4.5,33.4,33.7
882569a6-b87e-4822-9356-7d6279eafd8d,2026-04-22T15:28:31,f,5,1000,6.55,0.3,27.5,27.5
7fda8201-65b2-4d0b-aae0-6dbb2a881207,2026-04-22T15:27:52,f,5,1000,6.55,2.9,26.6,26.76
40c3c036-997c-4f12-8109-65b6acb4cc38,2026-04-22T15:26:35,f,4,1000,6.59,1.4,23.2,23.24
d8044bed-7305-4c9c-ad64-a76fa481834f,2026-04-22T15:25:18,f,4,1000,6.59,0.1,23.2,23.2
e7140288-e88b-44a6-b774-1ca9a1dfc530,2026-04-22T15:24:21,f,3,1000,6.59,0.2,20.2,20.2
b7233785-ca7c-4530-8b11-12b6ccdbe854,2026-04-22T15:23:48,f,3,1000,6.59,-0.5,18.9,18.91
9b372a3d-1c04-4b56-addb-ce10fbd269a1,2026-04-22T15:23:06,f,2,1000,6.63,0.7,12.0,12.02
7bdf8d1b-0554-4c62-9b1d-67b7e0700393,2026-04-22T15:22:20,f,2,1000,6.63,0.1,11.4,11.4
f8ce0edb-8089-4fa9-ac08-013c8c5f85d4,2026-04-22T15:21:47,f,1,1000,6.63,0.0,7.4,7.4
b3793625-f705-4349-a654-649958cfab02,2026-04-22T15:21:11,f,1,1000,6.63,0.2,7.2,7.2
79a33338-8c4f-41ee-a22c-4302983e9d52,2026-04-22T15:18:57,f,10,1000,6.67,5.6,53.3,53.59
17ec4bef-fb56-4929-9bd0-80b5f1ac2fee,2026-04-22T15:18:02,f,9,1000,6.63,3.1,49.3,49.2
c714bbd7-ab72-41d5-ad0d-7e40cc9a9169,2026-04-22T15:14:23,f,8,1000,6.67,4.4,46.5,46.71
a4c1030a-bd41-4d29-8681-76b0c39372c4,2026-04-22T15:12:02,f,7,1000,6.67,4.4,38.1,38.35
793f49e0-4b1f-4a94-8471-39865cd80ff6,2026-04-22T15:10:52,f,6,1000,6.67,1.8,33.1,33.15
50b2c0bc-2bbf-4f8e-890e-71dd9820ae8e,2026-04-22T15:09:23,f,5,1000,6.67,1.4,25.7,25.74
86321900-182a-4003-99ab-184607d78e34,2026-04-22T15:08:08,f,4,1000,6.67,0.6,23.2,23.21
6e4f23df-080a-42ce-a1bf-2a0d4ed20b7b,2026-04-22T15:06:54,f,3,1000,6.71,-0.3,19.6,19.6
04e8319b-1b8b-4d25-957f-4eda63d54c36,2026-04-22T15:06:20,f,2,1000,6.71,0.0,12.4,12.4
08e4db40-434c-4dc9-956b-ebbfcca854e9,2026-04-22T15:05:46,f,1,1000,6.67,0.0,7.8,7.8
7470b40c-0c31-4b9e-8b64-75a7a84323d5,2026-04-22T15:04:54,b,1,1000,6.67,0.0,-9.7,9.7
06f8f065-d1ca-438a-b37b-5d9a94632c36,2026-04-22T15:04:20,b,2,1000,6.67,-0.1,-12.4,12.4
5b0b5100-b7ba-43d1-a789-aa16ca37ddbe,2026-04-22T15:03:31,b,3,1000,6.71,-0.4,-19.8,19.8
3e502c80-f8c2-4d96-90bb-7031640a7af7,2026-04-22T15:02:20,b,4,1000,6.71,-0.3,-24.4,24.4
6f6224fc-6398-41de-96e2-477a282ede12,2026-04-22T15:01:32,b,5,1000,6.71,-0.5,-28.6,28.6
e36fc7bf-91a7-4683-bb8a-89f38a926e58,2026-04-22T15:00:40,b,6,1000,6.71,0.2,-37.5,37.5
9a87677b-d592-4650-98ae-73ae650576f3,2026-04-22T14:59:17,b,7,1000,6.75,-0.8,-40.0,40.01
4c4e4aaa-02b2-46cc-b9af-44f7dea18559,2026-04-22T14:58:25,b,8,1000,6.71,-0.9,-49.0,49.01
94cd3ea6-6bda-4b3c-82c8-9102283c8284,2026-04-22T14:56:07,b,9,1000,6.78,-0.5,-55.0,55.0
242f3f1f-9cbe-4a72-9a4e-5f26ec7d9868,2026-04-22T14:55:13,b,10,1000,6.75,-2.0,-56.8,56.84
3226f9e2-fc8c-484b-8f15-1b618f103a46,2026-04-22T14:53:55,l,10,1000,6.78,-37.5,-9.6,38.71
c8cbb541-26ca-4ce4-bc43-b37514f9267e,2026-04-22T14:52:34,l,9,1000,6.78,-35.2,-6.7,35.83
0ec01869-36c8-453f-abb8-d0d273bef685,2026-04-22T14:51:41,l,8,1000,6.78,-30.8,-9.5,32.23
4a4eb856-1571-44e4-bdf1-79a95d7171ce,2026-04-22T14:45:54,l,7,1000,6.82,-25.4,-5.2,25.93
bc6d9da0-c1ab-40c0-8c93-1e3558efabfd,2026-04-22T14:44:07,l,6,1000,6.82,-23.8,-4.8,24.28
77f6aa44-05c5-4ede-8f1d-347e68a150ca,2026-04-22T14:43:14,l,5,1000,6.86,-17.4,-3.6,17.77
2a772d87-2ae3-4f8e-9ee1-801792c1853d,2026-04-22T14:41:39,l,4,1000,6.86,-15.0,-1.7,15.1
46a5e18d-52b9-4541-93f5-bcb53f969bac,2026-04-22T14:40:41,l,3,1000,6.82,-12.6,-1.6,12.7
7b11d460-3e09-4a2b-9d4c-83ac69864f07,2026-04-22T14:38:11,l,2,1000,6.9,-8.0,-0.6,8.02
2e423b23-cfa5-49ad-9d83-e9a32ea65d64,2026-04-22T14:37:23,l,1,1000,6.86,-5.5,-0.5,5.52
482e04f9-77c4-47aa-b99e-16aade294ae3,2026-04-22T14:27:25,r,10,1000,6.98,36.4,-10.2,37.8
22a249f2-99ec-4ad0-86e3-59764dae8183,2026-04-22T14:24:05,r,9,1000,6.9,34.5,-7.1,35.22
a8dcfc94-3cfa-4108-8ac5-885c76351e6c,2026-04-22T14:23:14,r,8,1000,6.94,32.0,-7.2,32.8
4ba544e7-3b3f-438a-8c8d-e6a45afb0a1f,2026-04-22T14:22:35,r,7,1000,6.94,29.1,-1.8,29.16
eb9147cf-82f4-4a83-b2a0-d3e25697ed48,2026-04-22T14:21:34,r,6,1000,6.98,24.8,-3.0,24.98
7e5c729b-a3f9-4ecf-a5e3-1a19929e8edd,2026-04-22T14:20:18,r,5,1000,6.94,17.9,-3.0,18.15
7585ba0c-1998-4436-bf8f-a3d1bfe9a446,2026-04-22T14:18:58,r,4,1000,6.94,15.7,-1.5,15.77
3c8b7350-feaf-4a8d-b949-15a0822f333b,2026-04-22T14:18:09,r,3,1000,6.98,12.6,-1.0,12.64
22cea398-1bff-42a1-a398-d3ca7a58860a,2026-04-22T14:17:28,r,2,1000,6.98,8.1,-1.4,8.22
b5634fd9-d68e-4f9a-8d91-f4a2d3fefad1,2026-04-22T14:16:31,r,1,1000,6.98,4.6,-0.2,4.6
e6f3231e-c310-493f-8670-6542d6421d45,2026-04-20T16:00:59,f,10,1000,7.1,4.1,55.7,55.85
5bf1bf64-cad2-4a6b-8af1-c3e0d60672b6,2026-04-20T16:00:04,f,9,1000,7.1,2.8,49.0,49.08
0e9af3b0-50e0-4581-b2b0-4d011d46cb87,2026-04-20T15:57:52,f,8,1000,7.1,3.8,48.8,48.95
fdc459ef-87b9-4f93-9dbc-cb163fe7b518,2026-04-20T15:56:15,f,7,1000,7.14,1.9,38.2,38.25
c9170f6b-06fb-4622-b5b5-cacf4aeebc89,2026-04-20T15:55:02,f,6,1000,7.18,0.9,34.1,34.11
4ccbd603-0882-4f71-95b0-5e68b964244d,2026-04-20T15:53:41,f,5,1000,7.18,0.0,26.7,26.7
2a70b899-74e2-41fa-9599-a2596244b05b,2026-04-20T15:50:36,f,4,1000,7.18,0.8,24.0,24.01
e8d80c61-61d6-4d4c-9092-64e5f38f1aa7,2026-04-20T15:49:02,f,3,1000,7.22,0.6,18.9,18.91
5fd8b0d4-a748-475c-8995-ca074fe90377,2026-04-20T15:47:37,f,2,1000,7.18,0.1,12.0,12.0
2ddcc8b8-acf9-48f7-9c03-344d560c732f,2026-04-20T15:46:28,f,1,1000,7.22,0.1,7.9,7.9
af3e715f-27fa-429d-bffe-8930074c65a4,2026-04-20T15:45:36,l,10,1000,7.18,-35.5,-10.2,36.94
2c281be0-1ee4-40e2-9048-1cee64905ee8,2026-04-20T15:44:38,l,9,1000,7.22,-34.3,-8.1,35.24
b9ffb292-4aee-428f-9e2c-64fd3c76d252,2026-04-20T15:43:20,l,8,1000,7.18,-31.7,-5.5,32.17
b8514084-cddd-4cad-8d2d-80ec9edf0fe7,2026-04-20T15:41:38,l,7,1000,7.22,-25.0,-7.0,25.96
7f8302b6-51e1-4cf9-8b04-bfcb1a104a7f,2026-04-20T15:39:39,l,6,1000,7.22,-23.8,-4.5,24.22
6eb7ae3a-f07b-498e-a69a-75dbcfcb1455,2026-04-20T15:38:17,l,5,1000,7.25,-17.1,-2.9,17.34
b6164fb6-07e2-48ae-a5e8-0f4e48e9edd0,2026-04-20T15:36:49,l,4,1000,7.25,-15.5,-2.6,15.72
1d14aef4-0b2b-49f3-8f0a-977dbd049b58,2026-04-20T15:35:36,l,3,1000,7.25,-13.0,-1.5,13.09
c522736d-7988-4944-bd5d-75176049d16c,2026-04-20T15:34:37,l,2,1000,7.25,-8.1,-0.7,8.13
057400ad-d249-4ba7-bbdb-1fd3b9b9dd40,2026-04-20T15:33:44,l,1,1000,7.25,-4.8,-0.4,4.82
5d5b0e94-4097-4ecb-ab8a-527212abd944,2026-04-20T15:32:24,r,10,1000,7.25,40.0,-5.0,40.31
a1c29c54-610b-40d1-80e2-3c8fed28ae0a,2026-04-20T15:30:47,r,9,1000,7.33,39.0,-1.0,39.01
d4f225aa-b9e5-4969-82aa-a0d6b54c8621,2026-04-20T15:29:25,r,8,1000,7.29,31.9,-6.0,32.46
46c42c38-6b79-482a-940d-253ca4f27669,2026-04-20T15:28:25,r,7,1000,7.29,26.8,-4.7,27.21
0b9a008d-0721-464c-a6d8-2274d8edefb9,2026-04-20T15:26:40,r,6,1000,7.25,24.5,-3.4,24.73
7845d832-73d9-4043-8ce0-68c7e57d3716,2026-04-20T15:25:48,r,5,1000,7.29,21.5,-1.4,21.55
e1e6be68-acbb-42d2-a971-e25f27ccd697,2026-04-20T15:24:22,r,4,1000,7.33,15.6,-2.6,15.82
1ec788e6-2660-4941-a48b-9487faf54d80,2026-04-20T15:23:11,r,3,1000,7.33,13.6,-1.7,13.71
64925b83-f014-4161-832b-be9f863497d2,2026-04-20T15:21:14,r,2,1000,7.29,7.6,-1.0,7.67
709d33f1-69f3-4054-aaed-690ecd9ab866,2026-04-20T15:20:35,r,1,1000,7.33,5.0,-0.3,5.01
a61e7b9a-1dbf-453d-bf86-a83c9a2c8e25,2026-04-20T10:58:11,b,1,1000,7.45,0.0,-8.3,8.3
23a728a4-22a6-4691-96af-6c5d48052d22,2026-04-20T10:57:37,b,2,1000,7.45,-0.4,-12.5,12.51
c82e72c2-9040-42b0-b56b-516923afec07,2026-04-20T10:56:46,b,3,1000,7.49,-0.6,-20.7,20.71
f5c94f02-a003-46b2-87ac-a8e7371f07e7,2026-04-20T10:55:25,b,4,1000,7.45,-1.3,-24.4,24.43
c72f4992-b63c-47d3-a333-c51a895ce68f,2026-04-20T10:54:21,b,5,1000,7.49,-1.0,-27.8,27.82
97ed1ee1-ea9c-457a-99db-590ae8e2c8e0,2026-04-20T10:53:30,b,6,1000,7.53,-0.2,-38.0,38.0
2ad2213c-6798-4c7f-af4e-046ac3018280,2026-04-20T10:52:35,b,7,1000,7.49,-0.5,-42.0,42.0
37d888f2-fbb6-4b0e-8efb-3848c899d0dc,2026-04-20T10:51:31,b,8,1000,7.49,-4.6,-50.2,50.41
9d960d0d-c0d7-47d9-bdd2-ed503346d62d,2026-04-20T10:49:36,b,9,1000,7.53,-2.4,-54.5,54.55
489be6ab-711b-4d19-8a0e-797d632e0d90,2026-04-20T10:48:21,b,10,1000,7.53,-0.7,-59.6,59.6
f2cdb10c-f651-42b7-a331-1f3a158dba59,2026-04-20T10:46:35,f,10,1000,7.57,2.7,52.9,52.97
83afa7eb-c80a-4e2e-a90b-45d90b7aa5d0,2026-04-20T10:45:32,f,9,1000,7.57,3.0,50.2,50.29
7366024d-44d6-4c5e-8664-70343d90edfe,2026-04-20T10:44:27,f,8,1000,7.57,1.1,46.6,46.61
fcfa4f12-4ee4-41ed-8afe-5df42bb84030,2026-04-20T10:43:12,f,7,1000,7.57,0.6,38.5,38.5
246335ee-411a-4f28-bb08-cc6b9afd480d,2026-04-20T10:42:09,f,6,1000,7.61,2.5,33.1,33.19
850993d6-8b1d-4891-b22a-3be311dd11de,2026-04-20T10:40:05,f,5,1000,7.65,0.5,26.0,26.0
a5b04812-99cb-4f70-be28-7e93cc9cd134,2026-04-20T10:39:22,f,4,1000,7.61,-0.7,24.7,24.71
dc93629c-8985-425a-a749-0939b571302d,2026-04-20T10:38:16,f,3,1000,7.61,0.5,19.5,19.51
929be8ec-6e10-4bdd-a3b0-d2460258a006,2026-04-20T10:37:01,f,2,1000,7.65,0.1,12.0,12.0
a15a38cd-fc5f-4fc6-91d0-d52d9c00e2af,2026-04-20T10:35:59,f,1,1000,7.65,0.4,8.0,8.01
ae782520-ba8d-49e6-93ff-905ca0d4a7df,2026-04-20T10:31:52,r,10,1000,7.65,36.9,-7.0,37.56
89acfb8d-3302-4bf9-8b71-1697064938ac,2026-04-20T10:30:53,r,9,1000,7.69,34.6,-4.7,34.92
453b724c-24e5-4575-ab20-cb233ddef77a,2026-04-20T10:30:04,r,8,1000,7.69,31.5,-6.1,32.09
b8c4beb5-d5ab-4b94-9274-28cd3012f359,2026-04-20T10:28:42,r,7,1000,7.69,29.5,-1.4,29.53
74d0d922-7f3a-4736-8917-c4cfcde1d0a9,2026-04-20T10:27:29,r,6,1000,7.73,24.0,-3.1,24.2
6f5597fb-8b8e-40b9-a88b-0f9e2f0a908d,2026-04-20T10:26:22,r,5,1000,7.73,20.0,-1.7,20.07
a4156f60-9c55-4b22-9faf-061f340a6a3d,2026-04-20T10:25:18,r,4,1000,7.73,16.8,-0.7,16.81
cf01528a-3be1-4838-966f-a767c073cb17,2026-04-20T10:24:08,r,3,1000,7.69,13.0,-2.6,13.26
f994de44-0c66-4c15-bdc5-3ecd1cb84e41,2026-04-20T10:23:21,r,2,1000,7.73,7.8,-0.7,7.83
8e913b7a-59f6-4b08-aedb-15f000135329,2026-04-20T10:22:30,r,1,1000,7.73,4.7,-0.3,4.71
5e3921a0-799c-49ef-bd8d-154c0d47f03b,2026-04-20T10:21:42,l,1,1000,7.76,-5.6,-0.4,5.61
66957f8d-8697-4bb1-aa42-394cb44b5bae,2026-04-20T10:20:54,l,2,1000,7.69,-8.0,-0.7,8.03
c07ae753-4067-40eb-828b-c16ee63adb83,2026-04-20T10:20:06,l,3,1000,7.76,-12.9,-1.6,13.0
3fcd73c2-3655-4f94-acdf-bc1a17caafd7,2026-04-20T10:19:01,l,4,1000,7.73,-15.2,-2.1,15.34
c07aa73e-750c-4a0c-99ff-081e37cc5b68,2026-04-20T10:18:04,l,5,1000,7.69,-18.0,-4.0,18.44
597d42b7-7f4f-4914-a7c9-c727e7e358c0,2026-04-20T10:12:12,l,6,1000,7.76,-23.4,-5.0,23.93
4c37456f-7917-4c7f-bca3-af4a065287d3,2026-04-20T10:10:51,l,7,1000,7.76,-27.4,-4.5,27.77
2bc4f08f-877d-49b4-b3ee-6a1c360f9040,2026-04-20T10:08:37,l,8,1000,7.8,-30.6,-8.0,31.63
1a3510c2-1092-4bb4-92a3-76b4bfcfb482,2026-04-20T10:07:28,l,9,1000,7.76,-34.0,-5.1,34.38
05176d2c-caf3-4974-abd7-ef7e6b10aec8,2026-04-20T10:06:34,l,10,1000,7.73,-35.5,-6.9,36.16
a3215607-9c88-4dff-8dc2-b815fc2796e6,2026-04-20T10:05:10,b,10,1000,7.73,-4.8,-57.4,57.6
04bc02ec-6a0f-481f-bea7-4b83c8f29980,2026-04-20T10:04:04,b,9,1000,7.76,-1.0,-53.3,53.31
31df5ffa-e8cd-48ca-b77f-e2768179a1b9,2026-04-20T10:01:57,b,8,1000,7.73,-0.3,-50.9,50.9
28288e98-8b89-40cb-b750-b1e2147a6042,2026-04-20T10:00:27,b,7,1000,7.69,-0.9,-41.3,41.31
f234da43-65c6-4cf2-9272-68e07c745f1e,2026-04-20T09:59:12,b,6,1000,7.8,-2.9,-38.6,38.71
369a4de0-e221-42fc-8009-0f5c98b27dc3,2026-04-20T09:58:16,b,5,1000,7.8,-0.7,-29.4,29.41
ec76ae4f-6094-468e-9d3f-ead864ccebd9,2026-04-20T09:48:55,b,4,1000,7.84,-0.2,-25.3,25.3
39f5376d-a922-4a1b-b5a7-6e26d10ab0e0,2026-04-20T09:47:41,b,3,1000,7.76,-0.5,-21.5,21.51
49378c0f-6639-48c0-87c3-1796da023075,2026-04-20T09:46:49,b,2,1000,7.8,-0.1,-13.0,13.0
2bcbdac2-50fe-439b-8d8e-6ad497aed118,2026-04-20T09:45:58,b,1,1000,7.8,0.2,-8.2,8.2
a718ba88-a1a7-4aef-b7ea-a69dfe4655be,2026-04-20T09:40:51,f,4,1000,7.84,1.1,24.4,24.42
6d296abf-cd6d-45ca-875d-68d27927ff7a,2026-04-20T09:33:47,f,10,1000,7.84,1.8,51.5,51.53
26431669-15ee-4a6a-965f-eec9aa52d294,2026-04-20T09:32:21,f,9,1000,7.88,4.7,48.9,49.13
1681849f-8305-4fac-9fff-981fd2422286,2026-04-20T09:25:16,f,8,1000,6.39,1.5,45.7,45.72
f044b490-dfe3-4f9b-8a92-75f3b49d6006,2026-04-20T09:21:53,f,7,1000,6.39,-2.0,38.4,38.45
16997fac-6c16-4a2b-88f9-7497614cb88c,2026-04-20T09:21:00,f,6,1000,6.47,2.7,32.9,33.01
2f4ade14-a9f6-40d4-98fd-356fc9972f97,2026-04-20T09:19:57,f,5,1000,6.43,-0.1,25.7,25.7
b2711414-4c2d-46af-958a-2fe7191f7143,2026-04-20T09:19:06,f,3,1000,6.47,-0.6,17.4,17.41
3ad1c0ad-2b53-4e0e-8fb4-d8f0287412c5,2026-04-20T09:18:25,f,2,1000,6.47,0.4,11.5,11.51
147b20e0-ae7b-426f-b0df-07ed40358331,2026-04-20T09:17:30,f,1,1000,6.47,0.1,6.7,6.7
402d3126-0f97-44a4-999a-9ffe36e31c9b,2026-04-20T09:16:48,r,10,1000,6.51,40.0,-1.1,40.02
2ad71abe-ef59-49a7-9b27-708e2dabcccc,2026-04-20T09:15:36,r,9,1000,6.51,35.4,-5.3,35.79
29d97530-b0f1-4b2f-87ed-e4ecb9562c3e,2026-04-20T09:13:33,r,8,1000,6.51,31.2,-5.1,31.61
cd11c5c6-796c-47ba-96df-6d916e61e4de,2026-04-20T09:11:00,r,7,1000,6.55,28.6,-1.5,28.64
c36a2a7f-fd18-490e-8c5b-eef2c53a5f46,2026-04-20T09:09:41,r,6,1000,6.59,24.5,-3.0,24.68
18358e47-dcbc-48af-bdd5-d6b0e3acb523,2026-04-20T09:08:39,r,5,1000,6.55,17.6,-3.0,17.85
5f44a8df-b1ea-42d5-9db7-ee2f847c7011,2026-04-20T09:07:50,r,4,1000,6.55,15.7,-2.5,15.9
60e780b7-d721-42ae-822b-eeead543054d,2026-04-20T09:06:43,r,3,1000,6.55,13.5,-1.2,13.55
54e9fdd1-214f-41ac-9647-66a7d4afe7a5,2026-04-20T09:05:38,r,2,1000,6.59,7.5,-1.1,7.58
f7940b91-ba79-49bf-86b9-647363e48a68,2026-04-20T09:04:35,r,1,1000,6.59,5.2,-0.6,5.23
6d406340-8ae7-4e5d-b28c-75d1dac63c64,2026-04-17T11:10:49,l,9,1000,6.67,-35.3,-5.4,35.71
fa746a98-90f7-4897-b657-113ea3878e85,2026-04-17T11:00:04,l,10,1000,6.71,-35.8,-8.6,36.82
75452eeb-7c5c-4a08-85ab-62bc61b099a9,2026-04-17T10:58:45,l,8,1000,6.75,-32.4,-7.9,33.3492128842646
0c8f6685-cbf0-47ea-aef9-6b51f969a73b,2026-04-17T10:56:41,l,7,1000,6.75,-29.1,-1.0,29.12
6ec31110-03dc-435e-befa-628173428ca7,2026-04-17T10:55:20,l,6,1000,6.78,-23.1,-3.1,23.31
dd7734ea-8e77-4a74-9717-09136e93a372,2026-04-17T10:54:09,l,5,1000,6.78,-18.7,-1.6,18.77
d126238c-94ec-4080-b9fe-41472a1b5cf0,2026-04-17T10:52:59,l,4,1000,6.78,-16.3,-1.5,16.37
3b6a5133-dcc4-497a-a743-563ebc047ca9,2026-04-17T10:43:50,l,3,1000,6.82,-13.1,-2.7,13.38
c5dcdf75-2e61-47aa-b6a2-d400f948e6cf,2026-04-17T10:32:33,l,1,1000,6.9,-4.6,-0.5,4.63
9d0e891c-0721-4571-990e-99ff444af05e,2026-04-17T10:31:36,b,1,1000,6.86,-0.2,-8.5,8.5
5ae19537-c859-4dfe-962c-f2b21fd599b9,2026-04-17T10:30:56,b,2,1000,6.86,-0.6,-12.6,12.61
83e7a5b8-6137-4ff0-af91-1109d6e54672,2026-04-17T10:29:59,b,3,1000,6.86,-0.5,-21.4,21.41
95070486-7ef3-4319-872d-a734e42676ec,2026-04-17T10:28:45,b,3,1000,6.9,-0.5,-20.4,20.41
5fc4952b-1a0e-4526-ba34-f8973036c574,2026-04-17T10:27:37,b,4,1000,6.86,-0.9,-24.7,24.72
4058da3f-0361-40e9-973c-dc529a8f7535,2026-04-17T10:25:54,b,5,1000,6.9,-0.5,-29.1,29.1
60fb5843-adeb-4eb1-931d-728f10dec06e,2026-04-17T10:24:57,b,6,1000,6.9,-0.6,-37.6,37.6
9252d8f0-a7d4-486c-9c6c-deceba7f987e,2026-04-17T10:24:03,b,7,1000,6.9,-0.7,-41.6,41.61
017b71c5-36fb-4995-90dd-89e95f467f6a,2026-04-17T10:23:05,b,8,1000,6.9,-0.6,-49.3,49.3
7743858b-f446-4286-b045-a912ec3236a0,2026-04-17T10:21:57,b,9,1000,6.9,-2.0,-53.0,53.04
20d80413-195e-44d3-89af-a20c434f7bde,2026-04-17T10:21:02,b,10,1000,6.9,-0.2,-58.4,58.4
157e0619-8336-43b9-9414-2082d1f665f5,2026-04-17T10:12:42,f,10,1000,7.02,0.0,52.4,52.4
6951f39f-1130-4ff5-a2f8-813d15108cd4,2026-04-17T10:11:43,f,9,1000,6.98,-0.4,48.1,48.1
79a49aff-cab3-4488-a20a-a9ffcc4de4f0,2026-04-17T10:10:38,f,8,1000,7.02,1.2,44.5,44.52
10810fe4-5a27-423d-8c13-269c8cab15ef,2026-04-17T10:09:34,f,7,1000,7.02,1.3,37.9,37.92
5737f210-53cf-4715-b114-f63c34e5ee74,2026-04-17T10:08:31,f,6,1000,7.06,-0.6,33.1,33.11
0f98a309-f21b-42cd-be19-bb16f60e82a4,2026-04-17T10:07:47,f,5,1000,7.06,-0.5,26.0,26.0
6f485d24-c3c4-4edd-bb18-61f5478a9194,2026-04-17T10:06:40,f,4,1000,7.02,-0.6,21.6,21.61
3c7f6134-dad1-4c55-b5df-dd379df5187f,2026-04-17T10:05:26,f,3,1000,7.06,0.1,17.6,17.6
10771622-2092-409e-a6cd-8fa2d0a93e6b,2026-04-17T10:04:31,f,2,1000,7.02,-0.7,10.3,10.32
e3920748-05e7-4f18-bd43-2ee0bcc611b6,2026-04-17T10:03:35,f,1,1000,7.02,-0.5,7.4,7.42
2a352bc5-d18b-4a86-b035-52dcc0f0584d,2026-04-17T10:01:48,r,10,1000,7.02,40.0,-1.6,40.03
7b27c141-66cd-4a7d-b423-6ec82ec58e9b,2026-04-17T10:00:10,r,9,1000,7.1,36.0,-1.0,36.01
7430c3f4-c135-4734-95fc-32faf195844e,2026-04-17T09:59:20,r,8,1000,7.1,33.5,-1.9,33.55
d410d1f4-855d-4f7a-ab71-62751e0a71c2,2026-04-17T09:58:23,r,7,1000,7.1,26.2,-1.5,26.24
6584573f-9ff4-411c-841c-231eb879299c,2026-04-17T09:57:21,r,6,1000,7.06,21.0,-6.4,21.95
531e31d8-8f49-43cc-acc0-5607ae81a48d,2026-04-17T09:56:14,r,5,1000,7.1,20.0,-1.2,20.04
e2968caa-e0cd-4963-aa47-9cc66b643f19,2026-04-17T09:49:33,r,4,1000,7.14,15.4,-2.7,15.63
300fe647-c72e-45a3-830f-ff7b9df381f7,2026-04-17T09:48:36,r,3,1000,7.18,12.3,-2.0,12.46
01fcac78-9ad4-4d91-9692-e28a734c8e72,2026-04-17T09:47:39,r,2,1000,7.14,6.8,-0.5,6.82
27910dbb-fc98-4413-8808-11ee0b3a3421,2026-04-17T09:46:27,r,1,1000,7.14,5.0,-0.1,5.0
43d752d7-5bec-49a0-ba4b-57641ffdd71a,2026-04-17T09:45:34,l,10,1000,7.14,-40.4,-11.4,41.98
9978d8ac-f7fd-44ed-aeeb-7c1aedd420be,2026-04-17T09:44:20,l,9,1000,7.14,-38.2,-9.6,39.39
e5c87b72-15ee-4d65-acc1-16f5f9644fb0,2026-04-17T09:43:08,l,8,1000,7.18,-34.4,-8.9,35.53
5fb3cabb-807f-465d-b10a-7fb961453344,2026-04-17T09:42:01,l,7,1000,7.14,-28.7,-5.1,29.15
f58c4bc8-d8ea-4c00-a681-ac644c83b68d,2026-04-17T09:40:15,l,6,1000,7.18,-26.0,-5.4,26.55
f34f1837-3155-4337-ae6a-75916cf867f2,2026-04-17T09:39:01,l,5,1000,7.22,-19.5,-2.9,19.71
8319a8bb-54c2-4cdf-a8fc-903431e5c6c9,2026-04-17T09:36:42,l,4,1000,7.22,-17.4,-3.4,17.73
455ecbde-8f33-4ca7-be13-f9993e757086,2026-04-17T09:35:39,l,3,1000,7.25,-14.4,-2.3,14.58
c8f64a24-f859-4016-8afe-afdf0678b061,2026-04-17T09:34:35,l,2,1000,7.22,-8.8,-0.7,8.83
a4dcf157-26f4-4364-922b-8b61e7d009be,2026-04-17T09:33:31,l,1,1000,7.18,-6.0,-0.6,6.03
3d025a48-4e9c-43b6-a804-c00e48bc5f56,2026-04-17T09:32:31,b,1,1000,7.18,-0.2,-8.5,8.5
8b1c4056-7fb0-4992-90dd-1db961ef74af,2026-04-17T09:31:43,b,2,1000,7.18,-0.2,-12.4,12.4
ae762b05-8251-4954-9e74-afd9aadda186,2026-04-17T09:30:42,b,3,1000,7.18,-0.6,-19.7,19.71
a42fae5f-0aa1-433d-a026-a0252ffdaf0c,2026-04-17T09:29:28,b,4,1000,7.22,-0.1,-25.0,25.0
9880ae88-a8c6-47d8-9a84-9f22639c0606,2026-04-17T09:28:19,b,5,1000,7.22,-1.2,-29.5,29.52
954b477e-446d-445c-a333-7af7434e67e0,2026-04-17T09:27:19,f,5,1000,7.25,1.9,23.9,23.98
be9ab61f-4546-4fcb-acec-3941e023adb1,2026-04-17T09:25:43,b,6,1000,7.25,-1.4,-37.3,37.33
0002817f-5dd8-48eb-b9b4-82410949f584,2026-04-17T09:24:29,b,7,1000,7.25,-1.0,-40.5,40.51
0cc13813-67d5-476d-aab0-626812aeccbb,2026-04-17T09:22:50,b,8,1000,7.22,-3.7,-49.0,49.14
ef37ca0d-8fbd-44ea-acc4-d7e0be790879,2026-04-17T09:21:40,b,9,1000,7.25,-3.1,-53.8,53.89
f238af21-945f-4d08-96c7-af233a985d11,2026-04-17T09:20:08,l,10,1000,7.29,-40.6,-10.4,41.91
379a625d-6d46-4b94-a15f-80a1cf9310ba,2026-04-17T09:18:42,b,10,1000,7.33,-1.1,-58.5,58.51
d885cef5-1956-4f73-884c-7e5cb286a837,2026-04-15T10:56:42,r,2,1000,7.65,8.1,-1.5,8.24
f3d09d59-c2c0-406f-9350-5377daee705c,2026-04-15T10:54:53,f,6,1000,7.65,0.1,35.7,35.7
0c211d55-5216-4246-adc7-e1ff65533c62,2026-03-19T18:03:56,f,3,1000,7.61,-0.5,20.5,20.51
92cd1be5-f9fb-4a87-90be-432037e359ed,2026-03-19T18:03:21,f,2,1000,7.61,-0.5,11.2,11.21
a30ae704-23d2-44a8-8b39-10586f1da7c7,2026-03-19T18:02:28,f,1,1000,7.57,-0.2,8.0,8.0
823363cb-9e2c-4ecb-9749-50295e2125d1,2026-03-19T18:01:49,r,1,1000,7.65,4.3,-0.5,4.33
4ddd19b6-b7b2-4042-ac73-21a9e270d5dc,2026-03-19T18:01:06,r,2,1000,7.61,8.7,-1.8,8.88
931f365a-42b3-48bf-87ee-bb66c13bcc59,2026-03-19T18:00:11,r,3,1000,7.57,13.0,-2.0,13.15
18ace6e0-3450-4749-a711-5479750b5252,2026-03-19T17:59:14,r,4,1000,7.61,16.4,-2.5,16.59
9ccec892-a6eb-4d35-a8cc-82dbe539c8b9,2026-03-19T17:58:28,r,5,1000,7.61,20.3,-4.3,20.75
9cc623d4-f4db-43da-af70-d37b2fc4e952,2026-03-19T17:57:22,r,6,1000,7.57,24.4,-3.8,24.69
3e506a87-0134-475f-94d6-06ac85f9f7d1,2026-03-19T17:56:32,r,7,1000,7.65,26.5,-2.0,26.58
381346bb-8a07-416b-9ccf-7bda8cc33f33,2026-03-19T17:55:40,r,8,1000,7.65,33.1,-3.8,33.32
598efde3-b3b0-4b30-b035-c98d788d8d23,2026-03-19T17:54:11,r,9,1000,7.65,36.7,-5.6,37.12
7180657f-cfb8-4a6f-b84c-df0ed1b6f31b,2026-03-19T17:52:50,r,10,1000,7.69,39.3,-6.4,39.82
ad0d6be4-59bb-41af-821a-3e8bc184990a,2026-03-19T17:40:31,l,10,1000,7.73,-38.2,-6.7,38.78
bca57b15-eb19-41f4-b48e-848973db1e11,2026-03-19T17:39:26,l,9,1000,7.76,-35.8,-7.7,36.62
750c1a1f-4c26-430a-92a1-2e845b56ab99,2026-03-19T17:38:05,l,8,1000,7.69,-33.0,-6.6,33.65
6d11bea8-8f19-482f-a8dc-67e84e4b8848,2026-03-19T17:36:17,l,7,1000,7.8,-28.7,-3.5,28.91
8d08e1dc-a44b-451d-80d3-df88c2548812,2026-03-19T17:34:46,l,6,1000,7.76,-24.9,-3.0,25.08
8a296db3-e477-4783-9ad8-6395b75ff5f9,2026-03-19T17:33:13,l,5,1000,7.73,-19.5,-1.8,19.58
c72d6824-8f92-4025-b474-ba3254509c4b,2026-03-19T17:32:04,l,4,1000,7.69,-16.6,-1.5,16.67
a0e1336a-10fc-4687-a2f8-958f69d0716e,2026-03-19T17:29:49,l,3,1000,7.76,-12.9,-0.9,12.93
69c605d7-82b6-4d39-b9c5-2221a838f84d,2026-03-19T17:28:37,l,2,1000,7.76,-8.0,-0.5,8.02
67b643ed-ba39-4a4c-b351-6dd5b7e8f14b,2026-03-19T17:27:56,l,1,1000,7.76,-5.3,-0.1,5.3
40f1d30f-ef92-41b7-ac15-4504707752c6,2026-03-19T17:26:54,b,1,1000,7.76,0.3,-8.8,8.81
ca8d94ed-556b-4ad2-9ac3-49512446a3df,2026-03-19T17:25:45,b,2,1000,7.73,-0.2,-12.5,12.5
bc729a7d-5f1c-4ab4-9f6b-30de3282156a,2026-03-19T17:24:07,b,3,1000,7.8,-0.9,-21.5,21.52
cb6baba4-479b-42ba-adf8-9cf184f23395,2026-03-19T17:23:10,b,4,1000,7.76,-1.1,-24.7,24.72
55ad49d9-7bd9-44fd-969a-10a3375fc985,2026-03-19T17:22:16,b,5,1000,7.76,-0.5,-29.8,29.8
9e6ac37f-c74e-46b0-bec6-f0f241afd430,2026-03-19T17:20:01,b,6,1000,7.76,-2.1,-37.0,37.06
60e484c8-3928-49f8-a468-6910aba10e2f,2026-03-19T17:19:05,b,7,1000,7.73,-1.8,-42.0,42.04
8401ce45-a886-471a-a20a-e813be1d3624,2026-03-19T17:18:03,b,8,1000,7.76,-3.1,-49.8,49.9
33ddc42d-9e08-46fa-806f-2fc5668d1a0c,2026-03-19T17:17:11,b,9,1000,7.73,-4.5,-53.8,53.99
d4c29b38-ee90-4484-afc6-a73d4eff8f41,2026-03-19T17:13:46,b,10,1000,7.76,-0.2,-57.4,57.4
556298aa-ffc6-4c53-8c0e-fb157a65b72b,2026-03-19T17:12:02,f,10,1000,7.8,-2.4,55.7,55.75
93229fdd-36dd-4698-b1b1-2353429e3e9c,2026-03-19T17:10:51,f,9,1000,7.84,-1.4,47.5,47.52
49476305-7cb8-4788-b1c7-dac872d0941d,2026-03-19T17:09:49,f,8,1000,7.84,0.8,46.4,46.41
4526b8c5-cb3d-43d8-b21d-51411687b8c4,2026-03-19T17:08:27,f,7,1000,7.84,0.6,39.4,39.4
f1f5f747-1f6b-42be-bf06-f9a451a4c923,2026-03-19T17:07:26,f,6,1000,7.84,-0.8,36.4,36.41
ee9ca854-d829-4550-80e1-a2d9b22ef621,2026-03-19T17:04:58,f,5,1000,7.84,0.5,26.6,26.6
fa27eac3-acc3-401f-a59e-6322b878ae3e,2026-03-19T17:03:48,f,4,1000,7.88,0.8,23.7,23.71
b1d0f51b-cfc3-4bcc-9df5-942998da22f5,2026-03-19T17:02:45,f,3,1000,7.84,0.5,19.0,19.01
bba299c6-977f-4920-abce-0602fd5511fa,2026-03-19T16:59:07,f,2,1000,7.88,-0.5,10.4,10.41
ff3494b3-60ed-4056-a6f1-7dca80c7ecb6,2026-03-19T16:54:41,f,1,1000,7.92,-0.2,7.0,7.0
